--DROP TABLE EMP;
--DROP TABLE DEPT;
--DROP TABLE LOCATIONS;
--DROP TABLE SALGRADE;

-- ctrl+enter 조작시, 값이 실행되며, ;(세미콜론)은 문장이 끝났다는 뜻이다.
CREATE TABLE DEPT(
    DEPTNO NUMBER(2) CONSTRAINT PK_DEPT PRIMARY KEY,
	DNAME VARCHAR2(14) ,
	LOC VARCHAR2(13) 
); 

CREATE TABLE EMP(
    EMPNO NUMBER(4) CONSTRAINT PK_EMP PRIMARY KEY,
	ENAME VARCHAR2(10),
	JOB VARCHAR2(9),
	MGR NUMBER(4),
	HIREDATE DATE,
	SAL NUMBER(7,2),
	COMM NUMBER(7,2),
	DEPTNO NUMBER(2) CONSTRAINT FK_DEPTNO REFERENCES DEPT
);

CREATE TABLE SALGRADE( 
    GRADE NUMBER,
	LOSAL NUMBER,
	HISAL NUMBER 
);
CREATE TABLE LOCATIONS (
     LOC_CODE  CHAR(2) ,
     CITY      VARCHAR2(12)
) ;

-- DEPT에 Insert문을 이용해 값 저장
INSERT INTO DEPT VALUES(10,'ACCOUNTING','NEW YORK');
INSERT INTO DEPT VALUES(20,'RESEARCH','DALLAS');
INSERT INTO DEPT VALUES(30,'SALES','CHICAGO');
INSERT INTO DEPT VALUES(40,'OPERATIONS','BOSTON');

-- EMP에 Insert문을 이용해 값 저장
INSERT INTO EMP VALUES
(7369,'SMITH','CLERK',7902,to_date('17-12-1980','dd-mm-yyyy'),800,NULL,20);
INSERT INTO EMP VALUES
(7499,'ALLEN','SALESMAN',7698,to_date('20-2-1981','dd-mm-yyyy'),1600,300,30);
INSERT INTO EMP VALUES
(7521,'WARD','SALESMAN',7698,to_date('22-2-1981','dd-mm-yyyy'),1250,500,30);
INSERT INTO EMP VALUES
(7566,'JONES','MANAGER',7839,to_date('2-4-1981','dd-mm-yyyy'),2975,NULL,20);
INSERT INTO EMP VALUES
(7654,'MARTIN','SALESMAN',7698,to_date('28-9-1981','dd-mm-yyyy'),1250,1400,30);
INSERT INTO EMP VALUES
(7698,'BLAKE','MANAGER',7839,to_date('1-5-1981','dd-mm-yyyy'),2850,NULL,30);
INSERT INTO EMP VALUES
(7782,'CLARK','MANAGER',7839,to_date('9-6-1981','dd-mm-yyyy'),2450,NULL,10);
INSERT INTO EMP VALUES
(7788,'SCOTT','ANALYST',7566,to_date('09-12-1982','dd-mm-yyyy'),3000,NULL,20);
INSERT INTO EMP VALUES
(7839,'KING','PRESIDENT',NULL,to_date('17-11-1981','dd-mm-yyyy'),5000,NULL,10);
INSERT INTO EMP VALUES
(7844,'TURNER','SALESMAN',7698,to_date('8-9-1981','dd-mm-yyyy'),1500,0,30);
INSERT INTO EMP VALUES
(7876,'ADAMS','CLERK',7788,to_date('12-1-1983','dd-mm-yyyy'),1100,NULL,20);
INSERT INTO EMP VALUES
(7900,'JAMES','CLERK',7698,to_date('3-12-1981','dd-mm-yyyy'),950,NULL,30);
INSERT INTO EMP VALUES
(7902,'FORD','ANALYST',7566,to_date('3-12-1981','dd-mm-yyyy'),3000,NULL,20);
INSERT INTO EMP VALUES
(7934,'MILLER','CLERK',7782,to_date('23-1-1982','dd-mm-yyyy'),1300,NULL,10);

-- SALGRADE에 insert를 이용해 값 저장
INSERT INTO SALGRADE VALUES (1,700,1200);
INSERT INTO SALGRADE VALUES (2,1201,1400);
INSERT INTO SALGRADE VALUES (3,1401,2000);
INSERT INTO SALGRADE VALUES (4,2001,3000);
INSERT INTO SALGRADE VALUES (5,3001,9999);

--commit : 현재까지 한 내용을 DB에 보냄
--현재까지의 내용을 확정함 -> 저장
commit;

--EMP의 전체 값을 조회
--아래 두 실행문을 같은 값을 출력한다.
SELECT * FROM EMP;
SELECT EMPNO, ENAME, JOB, MGR, HIREDATE, SAL, COMM, DEPTO FROM EMP;

SELECT * FROM DEPT;

SELECT EMPNO, ENAME, SAL, COMM FROM EMP;

--순서 변경 가능
SELECT JOB, MGR, HIREDATE, SAL, COMM, DEPTNO, EMPTNO FROM EMP;

SELECT EMPNO, ENAME, SAL, SAL+300 FROM EMP;
SELECT EMPNO, ENAME, SAL, 2*SAL+300 FROM EMP;
SELECT EMPNO, ENAME, SAL, 2*(SAL+300) FROM EMP;

--NULL+300 = NULL이다.(NULL에 어떤 계산을 해도 NULL이 반환된다.)
--COMM+300에서 COMM값이 NULL값이면 그 결과도 NULL이 된다.
SELECT EMPNO, ENAME, SAL, COMM, COMM+300 FROM EMP;

--SELECT절과 FROMW절을 각 행에 나누어 작성하기도 한다.
--ENAME의 별명 NAME을 부여, SAL*12의 별명 Annual Salary(연봉)를 부여
--SELECT시, 위 속성명이 NAME, SAL, Annual Salary로 변경되어 보여짐
SELECT ENAME AS NAME, SAL, SAL*12 AS "Annual Salary" 
FROM EMP;